<?xml version="1.0" encoding="UTF-8"?>
<metadata xml:lang="fr"><Esri><CreaDate>20180306</CreaDate><CreaTime>13511600</CreaTime><ArcGISFormat>1.0</ArcGISFormat><SyncOnce>TRUE</SyncOnce><DataProperties><lineage><Process ToolSource="c:\program files (x86)\arcgis\desktop10.3\ArcToolbox\Toolboxes\Data Management Tools.tbx\CalculateField" Date="20160713" Time="130751">CalculateField timenco_interpolate Slope "abs( !Shape!.lastPoint.Z- !Shape!.firstPoint.Z)/ !Shape!.length
" PYTHON_9.3 #</Process><Process ToolSource="C:\Program Files\ArcGIS\Desktop10.0\ArcToolbox\Toolboxes\Data Management Tools.tbx\CalculateField" Date="20160713" Time="152403">CalculateField "Funktionelle Routen" FT_neu 2 VB #</Process><Process ToolSource="C:\Program Files\ArcGIS\Desktop10.0\ArcToolbox\Toolboxes\Data Management Tools.tbx\CalculateField" Date="20160713" Time="152529">CalculateField "Funktionelle Routen" FT_neu 2 VB #</Process><Process ToolSource="C:\Program Files\ArcGIS\Desktop10.0\ArcToolbox\Toolboxes\Data Management Tools.tbx\CalculateField" Date="20160713" Time="153438">CalculateField "Funktionelle Routen" FT_neu 1 VB #</Process><Process ToolSource="C:\Program Files\ArcGIS\Desktop10.0\ArcToolbox\Toolboxes\Data Management Tools.tbx\CalculateField" Date="20160713" Time="155230">CalculateField "Fahrradtauglichkeit BASIS" Rputen 1 VB #</Process><Process ToolSource="C:\Program Files\ArcGIS\Desktop10.0\ArcToolbox\Toolboxes\Data Management Tools.tbx\CalculateField" Date="20160713" Time="160238">CalculateField "Fahrradtauglichkeit BASIS" INFRA "FR" VB #</Process><Process ToolSource="C:\Program Files\ArcGIS\Desktop10.0\ArcToolbox\Toolboxes\Data Management Tools.tbx\CalculateField" Date="20160713" Time="160725">CalculateField "Fahrradtauglichkeit BASIS" km_h 0 VB #</Process><Process ToolSource="C:\Program Files\ArcGIS\Desktop10.0\ArcToolbox\Toolboxes\Data Management Tools.tbx\CalculateField" Date="20160713" Time="160739">CalculateField "Fahrradtauglichkeit BASIS" km_h "" VB #</Process><Process ToolSource="C:\Program Files\ArcGIS\Desktop10.0\ArcToolbox\Toolboxes\Data Management Tools.tbx\CalculateField" Date="20160713" Time="160801">CalculateField "Fahrradtauglichkeit BASIS" Rputen 10 VB #</Process><Process ToolSource="C:\Program Files\ArcGIS\Desktop10.0\ArcToolbox\Toolboxes\Data Management Tools.tbx\CalculateField" Date="20160713" Time="162100">CalculateField "Fahrradtauglichkeit BASIS" Rputen 20 VB #</Process><Process ToolSource="C:\Program Files\ArcGIS\Desktop10.0\ArcToolbox\Toolboxes\Data Management Tools.tbx\CalculateField" Date="20160713" Time="162516">CalculateField "Fahrradtauglichkeit BASIS" FT_neu "" VB #</Process><Process ToolSource="C:\Program Files\ArcGIS\Desktop10.0\ArcToolbox\Toolboxes\Data Management Tools.tbx\CalculateField" Date="20160713" Time="162528">CalculateField "Fahrradtauglichkeit BASIS" FT_neu 0 VB #</Process><Process ToolSource="C:\Program Files\ArcGIS\Desktop10.0\ArcToolbox\Toolboxes\Data Management Tools.tbx\CalculateField" Date="20160713" Time="162540">CalculateField "Fahrradtauglichkeit BASIS" Co_______1 "" VB #</Process><Process ToolSource="C:\Program Files\ArcGIS\Desktop10.0\ArcToolbox\Toolboxes\Data Management Tools.tbx\CalculateField" Date="20160713" Time="162736">CalculateField "Fahrradtauglichkeit BASIS" INFRA "C2-11" VB #</Process><Process ToolSource="C:\Program Files\ArcGIS\Desktop10.0\ArcToolbox\Toolboxes\Data Management Tools.tbx\CalculateField" Date="20160713" Time="172517">CalculateField "Fahrradtauglichkeit BASIS" NeigungKla 1 VB #</Process><Process ToolSource="C:\Program Files\ArcGIS\Desktop10.0\ArcToolbox\Toolboxes\Data Management Tools.tbx\CalculateField" Date="20160713" Time="172737">CalculateField "Fahrradtauglichkeit BASIS" NeigungKla 2 VB #</Process><Process ToolSource="C:\Program Files\ArcGIS\Desktop10.0\ArcToolbox\Toolboxes\Data Management Tools.tbx\CalculateField" Date="20160713" Time="173021">CalculateField "Fahrradtauglichkeit BASIS" NeigungKla 3 VB #</Process><Process ToolSource="C:\Program Files\ArcGIS\Desktop10.0\ArcToolbox\Toolboxes\Data Management Tools.tbx\CalculateField" Date="20160714" Time="090600">CalculateField "Bewertung Wege LVI" INFRA "" VB #</Process><Process ToolSource="C:\Program Files\ArcGIS\Desktop10.0\ArcToolbox\Toolboxes\Data Management Tools.tbx\CalculateField" Date="20160714" Time="090701">CalculateField "Bewertung Wege LVI" km_h 0 VB #</Process><Process ToolSource="C:\Program Files\ArcGIS\Desktop10.0\ArcToolbox\Toolboxes\Data Management Tools.tbx\CalculateField" Date="20160714" Time="091328">CalculateField "Bewertung Wege LVI" INFRA "" VB #</Process><Process ToolSource="C:\Program Files\ArcGIS\Desktop10.0\ArcToolbox\Toolboxes\Data Management Tools.tbx\CalculateField" Date="20160714" Time="093150">CalculateField "Fahrradtauglichkeit BASIS" INFRA "" VB #</Process><Process ToolSource="C:\Program Files\ArcGIS\Desktop10.0\ArcToolbox\Toolboxes\Data Management Tools.tbx\CalculateField" Date="20160714" Time="104054">CalculateField "Fahrradtauglichkeit BASIS" FT_neu 1 VB #</Process><Process ToolSource="C:\Program Files\ArcGIS\Desktop10.0\ArcToolbox\Toolboxes\Data Management Tools.tbx\CalculateField" Date="20160714" Time="104853">CalculateField "LuxBasis2 - Verkehrsstärke DUNNERE LIJNTJES" Verkehrsst "Hoch" VB #</Process><Process ToolSource="C:\Program Files\ArcGIS\Desktop10.0\ArcToolbox\Toolboxes\Data Management Tools.tbx\CalculateField" Date="20160714" Time="105011">CalculateField "LuxBasis2 - Verkehrsstärke DUNNERE LIJNTJES" Verkehrsst "Hoch" VB #</Process><Process ToolSource="C:\Program Files\ArcGIS\Desktop10.0\ArcToolbox\Toolboxes\Data Management Tools.tbx\CalculateField" Date="20160714" Time="105021">CalculateField "LuxBasis2 - Verkehrsstärke DUNNERE LIJNTJES" km_h 50 VB #</Process><Process ToolSource="C:\Program Files\ArcGIS\Desktop10.0\ArcToolbox\Toolboxes\Data Management Tools.tbx\CalculateField" Date="20160714" Time="105029">CalculateField "LuxBasis2 - Verkehrsstärke DUNNERE LIJNTJES" Rputen 1 VB #</Process><Process ToolSource="C:\Program Files\ArcGIS\Desktop10.0\ArcToolbox\Toolboxes\Data Management Tools.tbx\CalculateField" Date="20160714" Time="105402">CalculateField "LuxBasis2 - Verkehrsstärke DUNNERE LIJNTJES" km_h 0 VB #</Process><Process ToolSource="C:\Program Files\ArcGIS\Desktop10.0\ArcToolbox\Toolboxes\Data Management Tools.tbx\CalculateField" Date="20160714" Time="105527">CalculateField "LuxBasis2 - Verkehrsstärke DUNNERE LIJNTJES" FT_neu 2 VB #</Process><Process ToolSource="C:\Program Files\ArcGIS\Desktop10.0\ArcToolbox\Toolboxes\Data Management Tools.tbx\CalculateField" Date="20160714" Time="105913">CalculateField "Fahrradtauglichkeit BASIS" INFRA "RS" VB #</Process><Process ToolSource="C:\Program Files\ArcGIS\Desktop10.0\ArcToolbox\Toolboxes\Data Management Tools.tbx\CalculateField" Date="20160714" Time="110230">CalculateField "Fahrradtauglichkeit BASIS" INFRA "1RS" VB #</Process><Process ToolSource="C:\Program Files\ArcGIS\Desktop10.0\ArcToolbox\Toolboxes\Data Management Tools.tbx\CalculateField" Date="20160714" Time="110615">CalculateField "Funktionelle Routen" km_h "" VB #</Process><Process ToolSource="C:\Program Files\ArcGIS\Desktop10.0\ArcToolbox\Toolboxes\Data Management Tools.tbx\CalculateField" Date="20160714" Time="111138">CalculateField "Funktionelle Routen" Verkehrsst "" VB #</Process><Process ToolSource="C:\Program Files\ArcGIS\Desktop10.0\ArcToolbox\Toolboxes\Data Management Tools.tbx\CalculateField" Date="20160714" Time="121504">CalculateField "FUNKTIONELLE ROUTEN DIKKE LIJNEN" Rputen 1 VB #</Process><Process ToolSource="C:\Program Files\ArcGIS\Desktop10.0\ArcToolbox\Toolboxes\Data Management Tools.tbx\CalculateField" Date="20160714" Time="142131">CalculateField "Funktionelle Routen" Rputen 1 VB #</Process><Process ToolSource="C:\Program Files\ArcGIS\Desktop10.0\ArcToolbox\Toolboxes\Data Management Tools.tbx\CalculateField" Date="20160718" Time="111730">CalculateField "Funktionelle Routen Fahrradtauglichkeit 0 - 3%" Rputen 0 VB #</Process><Process ToolSource="C:\Program Files\ArcGIS\Desktop10.0\ArcToolbox\Toolboxes\Data Management Tools.tbx\CalculateField" Date="20160718" Time="112035">CalculateField "Funktionelle Routen Fahrradtauglichkeit 0 - 3%" Rputen 1 VB #</Process><Process ToolSource="C:\Program Files\ArcGIS\Desktop10.0\ArcToolbox\Toolboxes\Data Management Tools.tbx\CalculateField" Date="20160718" Time="112109">CalculateField "Funktionelle Routen Fahrradtauglichkeit 0 - 3%" Rputen 1 VB #</Process><Process ToolSource="C:\Program Files\ArcGIS\Desktop10.0\ArcToolbox\Toolboxes\Data Management Tools.tbx\CalculateField" Date="20160718" Time="112158">CalculateField "Funktionelle Routen Fahrradtauglichkeit 0 - 3%" Rputen 0 VB #</Process><Process ToolSource="C:\Program Files\ArcGIS\Desktop10.0\ArcToolbox\Toolboxes\Data Management Tools.tbx\CalculateField" Date="20160718" Time="112801">CalculateField "Funktionelle Routen Fahrradtauglichkeit 0 - 3%" INFRA "1BR" VB #</Process><Process ToolSource="C:\Program Files\ArcGIS\Desktop10.0\ArcToolbox\Toolboxes\Data Management Tools.tbx\CalculateField" Date="20160718" Time="113548">CalculateField "Funktionelle Routen Fahrradtauglichkeit 0 - 3%" Rputen 0 VB #</Process><Process ToolSource="C:\Program Files\ArcGIS\Desktop10.0\ArcToolbox\Toolboxes\Data Management Tools.tbx\CalculateField" Date="20160718" Time="113926">CalculateField "Funktionelle Routen Fahrradtauglichkeit 0 - 3%" Rputen 1 VB #</Process><Process ToolSource="C:\Program Files\ArcGIS\Desktop10.0\ArcToolbox\Toolboxes\Data Management Tools.tbx\CalculateField" Date="20160718" Time="114100">CalculateField "Funktionelle Routen Fahrradtauglichkeit 0 - 3%" Rputen 1 VB #</Process><Process ToolSource="C:\Program Files\ArcGIS\Desktop10.0\ArcToolbox\Toolboxes\Data Management Tools.tbx\CalculateField" Date="20160718" Time="114208">CalculateField "Funktionelle Routen Fahrradtauglichkeit 0 - 3%" Rputen 1 VB #</Process><Process ToolSource="C:\Program Files\ArcGIS\Desktop10.0\ArcToolbox\Toolboxes\Data Management Tools.tbx\CalculateField" Date="20160718" Time="114515">CalculateField "Funktionelle Routen Fahrradtauglichkeit 0 - 3%" Rputen 1 VB #</Process><Process ToolSource="C:\Program Files\ArcGIS\Desktop10.0\ArcToolbox\Toolboxes\Data Management Tools.tbx\CalculateField" Date="20160718" Time="114638">CalculateField "Funktionelle Routen Fahrradtauglichkeit 0 - 3%" Rputen 1 VB #</Process><Process ToolSource="C:\Program Files\ArcGIS\Desktop10.0\ArcToolbox\Toolboxes\Data Management Tools.tbx\CalculateField" Date="20160718" Time="120608">CalculateField "Funktionelle Routen Fahrradtauglichkeit 0 - 3%" Rputen 1 VB #</Process><Process ToolSource="C:\Program Files\ArcGIS\Desktop10.0\ArcToolbox\Toolboxes\Data Management Tools.tbx\CalculateField" Date="20160718" Time="121315">CalculateField "Funktionelle Routen Fahrradtauglichkeit 0 - 3%" Rputen 1 VB #</Process><Process ToolSource="C:\Program Files\ArcGIS\Desktop10.0\ArcToolbox\Toolboxes\Data Management Tools.tbx\CalculateField" Date="20160718" Time="122905">CalculateField "Funktionelle Routen Fahrradtauglichkeit 0 - 3%" FT_neu 0 VB #</Process><Process ToolSource="C:\Program Files\ArcGIS\Desktop10.0\ArcToolbox\Toolboxes\Data Management Tools.tbx\CalculateField" Date="20160718" Time="124452">CalculateField "Funktionelle Routen Fahrradtauglichkeit 0 - 3%" Rputen 1 VB #</Process><Process ToolSource="C:\Program Files\ArcGIS\Desktop10.0\ArcToolbox\Toolboxes\Data Management Tools.tbx\CalculateField" Date="20160718" Time="124628">CalculateField "Funktionelle Routen Fahrradtauglichkeit 0 - 3%" Rputen 0 VB #</Process><Process ToolSource="C:\Program Files\ArcGIS\Desktop10.0\ArcToolbox\Toolboxes\Data Management Tools.tbx\CalculateField" Date="20160718" Time="124756">CalculateField "Funktionelle Routen Fahrradtauglichkeit 0 - 3%" Rputen 1 VB #</Process><Process ToolSource="C:\Program Files\ArcGIS\Desktop10.0\ArcToolbox\Toolboxes\Data Management Tools.tbx\CalculateField" Date="20160718" Time="125959">CalculateField "Funktionelle Routen Fahrradtauglichkeit 0 - 3%" Rputen 1 VB #</Process><Process ToolSource="C:\Program Files\ArcGIS\Desktop10.0\ArcToolbox\Toolboxes\Data Management Tools.tbx\CalculateField" Date="20160718" Time="130118">CalculateField "Funktionelle Routen Fahrradtauglichkeit 0 - 3%" Rputen 0 VB #</Process><Process ToolSource="C:\Program Files\ArcGIS\Desktop10.0\ArcToolbox\Toolboxes\Data Management Tools.tbx\CalculateField" Date="20160718" Time="130222">CalculateField "Funktionelle Routen Fahrradtauglichkeit 0 - 3%" Rputen 1 VB #</Process><Process ToolSource="C:\Program Files\ArcGIS\Desktop10.0\ArcToolbox\Toolboxes\Data Management Tools.tbx\CalculateField" Date="20160718" Time="132528">CalculateField "Funktionelle Routen Fahrradtauglichkeit 0 - 3%" Rputen 1 VB #</Process><Process ToolSource="C:\Program Files\ArcGIS\Desktop10.0\ArcToolbox\Toolboxes\Data Management Tools.tbx\CalculateField" Date="20160718" Time="133603">CalculateField "FUNKTIONELLE ROUTEN DIKKE LIJNEN" Rputen 0 VB #</Process><Process ToolSource="C:\Program Files\ArcGIS\Desktop10.0\ArcToolbox\Toolboxes\Data Management Tools.tbx\CalculateField" Date="20160718" Time="135705">CalculateField "FUNKTIONELLE ROUTEN DIKKE LIJNEN" Rputen 1 VB #</Process><Process ToolSource="C:\Program Files\ArcGIS\Desktop10.0\ArcToolbox\Toolboxes\Data Management Tools.tbx\CalculateField" Date="20160718" Time="141017">CalculateField "FUNKTIONELLE ROUTEN DIKKE LIJNEN" Rputen 1 VB #</Process><Process ToolSource="C:\Program Files\ArcGIS\Desktop10.0\ArcToolbox\Toolboxes\Data Management Tools.tbx\CalculateField" Date="20160718" Time="141211">CalculateField "FUNKTIONELLE ROUTEN DIKKE LIJNEN" Rputen 0 VB #</Process><Process ToolSource="C:\Program Files\ArcGIS\Desktop10.0\ArcToolbox\Toolboxes\Data Management Tools.tbx\CalculateField" Date="20160718" Time="141527">CalculateField "FUNKTIONELLE ROUTEN DIKKE LIJNEN" Rputen 1 VB #</Process><Process ToolSource="C:\Program Files\ArcGIS\Desktop10.0\ArcToolbox\Toolboxes\Data Management Tools.tbx\CalculateField" Date="20160718" Time="141720">CalculateField "FUNKTIONELLE ROUTEN DIKKE LIJNEN" Rputen 0 VB #</Process><Process ToolSource="C:\Program Files\ArcGIS\Desktop10.0\ArcToolbox\Toolboxes\Data Management Tools.tbx\CalculateField" Date="20160718" Time="141938">CalculateField "FUNKTIONELLE ROUTEN DIKKE LIJNEN" Rputen 1 VB #</Process><Process ToolSource="C:\Program Files\ArcGIS\Desktop10.0\ArcToolbox\Toolboxes\Data Management Tools.tbx\CalculateField" Date="20160718" Time="182930">CalculateField "FUNKTIONELLE ROUTEN DIKKE LIJNEN" Rputen 1 VB #</Process><Process ToolSource="C:\Program Files\ArcGIS\Desktop10.0\ArcToolbox\Toolboxes\Data Management Tools.tbx\CalculateField" Date="20160718" Time="192505">CalculateField "FUNKTIONELLE ROUTEN DIKKE LIJNEN" Rputen 0 VB #</Process><Process ToolSource="c:\program files (x86)\arcgis\desktop10.3\ArcToolbox\Toolboxes\Data Management Tools.tbx\CalculateField" Date="20160721" Time="154004">CalculateField Fahrradtauglichkeit "FT Klassen" 3 VB #</Process></lineage></DataProperties></Esri></metadata>
